Alpha,RMSE_Momentum
2.0,5.228753089904785
2.0,5.228753089904785
